{
  "version": "7",
  "dialect": "postgresql",
  "entries": [
    {
      "idx": 0,
      "version": "7",
      "when": 1768349325094,
      "tag": "0000_moaning_power_pack",
      "breakpoints": true
    },
    {
      "idx": 1,
      "version": "7",
      "when": 1768351167448,
      "tag": "0001_quiet_anita_blake",
      "breakpoints": true
    },
    {
      "idx": 2,
      "version": "7",
      "when": 1768352378554,
      "tag": "0002_military_cloak",
      "breakpoints": true
    },
    {
      "idx": 3,
      "version": "7",
      "when": 1768403533714,
      "tag": "0003_icy_mephistopheles",
      "breakpoints": true
    }
  ]
}